participant,system,rating,region_captions
P1,system1,6.0,"['a man wearing a white shirt, beige pants, and black shoes, holding a map in his right hand and wearing sunglasses', 'a woman wearing a white shirt with pink flower patterns, short jeans, and a pair of sandals, holding a coffee in her left hand and a grey luggage in her right hand', 'a man wearing a green shirt, beige shorts, and black shoes, with short black hair and wearing a watch on his left wrist', 'a woman wearing a long light-blue dress and a pair of sandals, holding a beige hat in her left hand and a black camera in her right hand', 'a city with yellow and white colored antique buildings in the back']"
P1,system1,4.0,"['a man wearing a white shirt, beige pants, and black shoes, holding a map in his right hand and wearing sunglasses, with his face heading to his left, and wearing a watch on his left hand', 'a woman wearing a white shirt with pink and light blue small flower patterns, short jeans, and a pair of black sandals, holding a coffee in her left hand and a grey luggage in her right hand, not wearing sunglasses', 'a man wearing a green neon t-shirt, beige shorts, and black shoes, with short black hair, wearing a watch on his left wrist, and with his face heading to his left', 'a woman wearing a long light-blue dress with no sleeves and a pair of sandals, holding a beige hat in her left hand and a black camera in her right hand, with the camera held right in front of her face as she is seeing through the lens', 'a city with yellow and white colored antique buildings in the back']"
P1,system1,5.0,"['a man wearing a white shirt, beige pants, and black shoes, holding a map in his right hand and wearing sunglasses, with his face heading to his left, and a watch on his left hand', 'a woman wearing a white shirt with pink and light blue small flower patterns, short jeans, and a pair of black sandals, holding a coffee in her left hand and a grey luggage in her right hand, not wearing sunglasses, with long dark-brown hair', 'a man wearing a green t-shirt, beige shorts, and black shoes, with short black hair, wearing a watch on his left wrist and his face heading to his left', 'a woman wearing a long light-blue dress with no sleeves and a pair of sandals, holding a beige hat in her left hand and a black camera in her right hand, with the camera held right in front of her face as she is seeing through the lens', 'a city with yellow and white colored antique buildings in the back']"
P1,system2,3.0,"['Grandpa with white hair wearing a black cap, a white shirt, a grey cardigan, and black long pants. He is wearing a pair of black shoes.', 'A woman with dark brown hair and slightly tanned skin, wearing a short sleeve long dress with small pink and light-blue flower patterns. She is holding a wooden basket and holding hands with a male.', 'A dark, slightly tanned male wearing a short-sleeve blue shirt and beige short pants, holding a bunch of bottled water. He has short, curly dark brown hair.', 'A little girl wearing a hot-pink t-shirt with no sleeves, a white mid-length skirt, and pink sandals. She is holding a brown teddy bear in her right hand and a yellow balloon in her left hand.', 'A road with two black cars and a lot of trees with green leaves.']"
P1,system2,6.0,"['a grandpa with white hair wearing a black cap, a white shirt, a grey cardigan, and black long pants, and a pair of black shoes, watching a girl', 'a woman with dark brown, slightly tanned skin wearing a short-sleeved dress that has long small pink and light-blue flower patterns, holding hands with a male, and holding a wooden basket', 'a dark brown, slightly tanned male with short, curly dark brown hair wearing a short-sleeve blue shirt and beige shorts, holding a bunch of bottled water', 'a little girl wearing a hot-pink, no-sleeve t-shirt, a white mid-length skirt, and pink sandals, holding a yellow balloon in her left hand and a small brown teddy bear with black eyes in her right hand', 'a road with two black cars and a lot of trees with green leaves', 'a bunch of bottled water', 'a wooden basket', 'a yellow balloon', 'a small brown teddy bear with black eyes']"
P1,system2,4.0,"['a grandpa with white hair wearing a black cap, a white shirt, a grey cardigan, and black long pants, with a pair of black shoes, watching a girl', 'a woman with dark brown, slightly tanned skin wearing a short-sleeved dress that has long small pink and light-blue flower patterns, holding hands with a male and holding a wooden basket', 'a dark brown, slightly tanned male with short, curly dark brown hair wearing a short-sleeve blue shirt and beige shorts, holding a bunch of bottled water', 'a little girl wearing a hot-pink, no-sleeve t-shirt, a white mid-length skirt, and pink sandals, holding a yellow balloon in her left hand and a small brown teddy bear with black eyes in her right hand', 'a road with two black cars and a lot of trees with green leaves', 'a bunch of bottled water', 'a wooden basket', 'a yellow balloon', 'a small brown teddy bear with black eyes']"
P1,system2,4.0,"['a grandpa with white hair wearing a black cap, a white shirt, a grey cardigan, and black long pants, with a pair of black shoes, watching a girl', 'a woman with dark brown, slightly tanned skin wearing a short-sleeved dress that has long small pink and light-blue flower patterns, looking front, holding hands with a male and holding a wooden basket', 'a dark brown, slightly tanned male with short, curly dark brown hair wearing a short-sleeve blue shirt and beige shorts, looking front, holding a bunch of bottled water', 'a little girl wearing a hot-pink no-sleeve t-shirt, a white mid-length skirt, and pink sandals, holding a yellow balloon in her left hand and a small brown teddy bear with black eyes in her right hand', 'a road with two black cars and a lot of trees with green leaves', 'a bunch of bottled water', 'a wooden basket', 'a yellow balloon', 'a small brown teddy bear with black eyes']"
P1,system2,4.0,"['a grandpa with white hair wearing a black cap, a white shirt, a grey cardigan, and black long pants, with a pair of black shoes, watching a girl', 'a woman with dark brown, slightly tanned skin wearing a short-sleeved dress that has long small pink and light-blue flower patterns, looking backward, holding hands with a male and holding a wooden basket', 'a dark brown, slightly tanned male with short, curly dark brown hair wearing a short-sleeve blue shirt and beige shorts, looking backward, holding a bunch of bottled water', 'a little girl wearing a hot-pink no-sleeve t-shirt, a white mid-length skirt, and pink sandals, holding a yellow balloon in her left hand and a small brown teddy bear with black eyes in her right hand', 'a road with two black cars and a lot of trees with green leaves', 'a bunch of bottled water', 'a wooden basket', 'a yellow balloon', 'a small brown teddy bear with black eyes']"
P11,system2,5.0,"['a man wearing a white shirt, wearing sunglasses, holding a map, wearing black shoes, brown pants, and a silver watch on his left wrist, with his hands in his pockets', 'a man wearing a green t-shirt, brown shorts, and black shoes, with a silver watch on his left wrist and his hands in his pockets', 'a woman with long brown hair wearing a shirt with flower patterns on it, wearing short blue pants, holding a cup of coffee in her left hand, dragging a silver trunk in her right hand, wearing slippers and a little fat', 'a short, average-height woman with black hair wearing a light blue one-piece dress and sandals, holding a black camera in her left hand and dragging a beige straw hat in her right hand']"
P11,system2,6.0,"['a man wearing a white shirt, wearing sunglasses, holding a map, wearing black shoes, brown pants, and a silver watch on his left wrist, with his hands in his pockets', 'a man wearing a green t-shirt, brown shorts, and black shoes, with a silver watch on his left wrist and his hands in his pockets', 'a woman with long brown hair wearing a shirt with flower patterns on it, wearing short blue pants, holding a cup of coffee in her left hand, dragging a silver trunk in her right hand, wearing slippers and a little fat', 'a short, average-height woman with black hair wearing a light blue one-piece dress and sandals, looking up while holding a black camera in her right hand, positioned up to her face, and dragging a beige straw hat in her left hand', 'a wide-brimmed hat with a black ribbon', 'a shiny silver suitcase with vertical grooves and a retractable handle']"
P11,system2,1.0,"['Corrected region descriptions:', '1. a man wearing a white shirt, brown pants, black shoes, and sunglasses, with a silver watch on his left wrist, and his hands in his pockets, holding a map', '2. a man wearing a green t-shirt, brown shorts, and black shoes, with a silver watch on his left wrist, and his hands in his pockets', '3. a woman with long brown hair wearing a patterned flower shirt, short blue pants, and slippers, holding a cup of coffee in her left hand, and dragging a silver trunk in her right hand', '4. a short, average-height woman with black hair wearing a light blue one-piece dress and sandals, looking up while holding a black camera in her right hand positioned up to her face, and dragging a beige straw hat in her left hand', '5. a wide-brimmed hat with a black ribbon', '6. a shiny silver suitcase with vertical grooves and a retractable handle', 'a scene featuring a man wearing a white shirt, brown pants, black shoes, and sunglasses, with a silver watch on his left wrist, and his hands in his pockets, holding a map; a man wearing a green t-shirt, brown shorts, and black shoes, with a silver watch on his left wrist and his hands in his pockets; a woman with long brown hair wearing a patterned flower shirt, short blue pants, and slippers, holding a cup of coffee in her left hand, and dragging a silver trunk in her right hand; a short, average-height woman with black hair wearing a light blue one-piece dress and sandals, looking up while holding a black camera in her right hand positioned up to her face, and dragging a beige straw hat in her left hand; a wide-brimmed hat with a black ribbon; and a shiny silver suitcase with vertical grooves and a retractable handle.', '']"
P11,system2,1.0,"['a man wearing a white shirt, brown pants, black shoes, and sunglasses, with a silver watch on his left wrist, and his hands in his pockets, holding a map', 'a man wearing a green t-shirt, brown shorts, and black shoes, with a silver watch on his left wrist and his hands in his pockets', 'a woman with long brown hair wearing a patterned flower shirt, short blue pants, and slippers, holding a cup of coffee in her left hand, and dragging a silver trunk in her right hand', 'a short, average-height woman with black hair wearing a light blue one-piece dress and sandals, looking up while holding a black camera in her right hand positioned up to her face, and dragging a beige straw hat in her left hand', 'a wide-brimmed hat with a black ribbon', 'a shiny silver suitcase with vertical grooves and a retractable handle', 'a map', 'a cup of coffee', 'a silver trunk']"
P11,system1,2.0,"['an old man with white hair wearing a black beret and a grey cardigan with two black buttons, wearing dark blue pants and black shoes, looking left, a bit short, wearing a white shirt beneath the cardigan', 'a slightly brown woman with black hair that comes to her shoulders, smiling and looking slightly left, wearing a flower-patterned one-piece dress, holding hands with the man to her left, wearing white sandals', 'a man with dark brown hair wearing a blue t-shirt and beige shorts, wearing black sandals, holding a large dark plate with lots of water bottles on it in his left hand, and holding a brown basket up to his waist, while the woman on his right is holding his hand with the basket', 'a small yellow-brown girl holding a yellow balloon in her left hand and a brown teddy bear in her right hand, wearing a pink sleeveless t-shirt and a white skirt that comes to her knees, wearing pink sneakers, looking slightly to her right']"
P11,system1,1.0,"['an old man with white hair wearing a black beret and a grey cardigan with two black buttons, wearing dark blue pants and black shoes, looking left, a bit short, wearing a white shirt beneath the cardigan', 'a slightly brown woman with black hair that comes to her shoulders, smiling and looking slightly left, wearing a flower-patterned one-piece dress, holding hands with the man to her left who is holding a basket, wearing white sandals', 'a man with dark brown hair wearing a blue t-shirt and beige shorts, wearing black sandals, holding a large dark plate with lots of water bottles on it in his left hand, and holding a brown basket up to his waist with his right hand', 'a small yellow-brown girl holding a yellow balloon in her left hand and a brown teddy bear in her right hand, wearing a pink sleeveless t-shirt and a white skirt that comes to her knees, wearing pink sneakers, looking slightly to her right']"
P11,system1,1.0,"['an old man with white hair wearing a black beret and a grey cardigan with two black buttons, wearing dark blue pants and black shoes, looking left and a bit short, wearing a white shirt beneath the cardigan', 'a slightly brown woman with black hair that comes to her shoulders, smiling and looking slightly left, wearing a flower-patterned one-piece dress, holding hands with the man to her left who is holding a basket and wearing white sandals', 'a man with dark brown hair wearing a blue t-shirt and beige shorts, wearing black sandals, holding a large dark plate with lots of water bottles on it in his left hand, and holding a brown basket up to his waist with his right hand', 'a small yellow-brown girl holding a yellow balloon in her left hand and a brown teddy bear in her right hand, wearing a pink sleeveless t-shirt and a white skirt that comes to her knees, wearing pink sneakers, looking slightly to her right']"
P11,system1,3.0,"['an old man with white hair wearing a black beret, a grey cardigan with two black buttons, dark blue pants, and black shoes, looking left and a bit short, wearing a white shirt beneath the cardigan', 'a slightly brown woman with black hair that comes to her shoulders, smiling and looking slightly left, wearing a flower-patterned one-piece dress and white sandals, laying her left hand on top of the right hand of the man to her left who is holding a basket', 'a man with dark brown hair wearing a blue t-shirt and beige shorts, wearing black sandals, holding a large dark plate with lots of water bottles on it in his left hand, and holding a brown basket up to his waist with his right hand', 'a small yellow-brown girl holding a yellow balloon in her left hand and a brown teddy bear in her right hand, wearing a pink sleeveless t-shirt and a white skirt that comes to her knees, wearing pink sneakers, looking slightly to her right']"
P12,system2,3.0,"['an old person wearing a gray cardigan with 2 buttons on the shirt, black pants, and a beret, with short white hair, around 150 cm tall, looking at the woman and the man, and slightly overweight', 'a 35-year-old woman with medium-length wavy white hair wearing a beret, who is chubby and around 165 cm tall, dressed in a short sleeve dress with a pink and blue flower pattern', 'a 35-year-old male wearing a short-sleeved blue polo shirt, knee-length beige shorts, and black slippers, with curly short hair', 'a 7-year-old girl with short hair wearing a neon pink sleeveless top with a small white patch, a white puffy skirt, and pink sneakers', 'a yellow balloon with a white string, held by a girl in her left hand', 'a teddy bear that the girl is holding in her right hand', ""a tray full of disposable bottles of water held in the male's left hand"", 'a basket with a few items in it, held by the woman and the man']"
P12,system2,4.0,"['an old man wearing a gray cardigan with 2 buttons on the shirt, black pants, and a beret, with short white hair, around 150 cm tall, looking at a 35-year-old woman and a man, and slightly overweight', 'a 35-year-old woman with medium-length wavy hair wearing a beret. She is chubby and around 165 cm tall, dressed in a short sleeve ankle-length dress with a pink and blue flower pattern', 'a 35-year-old male wearing a short-sleeved blue polo shirt, knee-length beige shorts, and black slippers, with curly short black hair without any hat', 'a 7-year-old girl with short hair wearing a neon pink sleeveless top, a white puffy skirt, and pink sneakers', 'a yellow balloon with a white string that the girl is holding in her left hand', 'a teddy bear that the girl is holding in her right hand', 'a tray full of disposable bottles of water that the man is holding in his left hand', 'a basket with a few items in it that the woman and the man are both holding']"
P12,system1,3.0,"['a male with short brown hair, around 180 cm, wearing black sunglasses and a black watch on his left wrist, holding a pastel colored big map in his right hand, wearing a short sleeved tight white shirt, beige long pants, and black oxford shoes, looking at the people on the left side', 'a female with long black hair, 165 cm tall, wearing a pink and blue flower patterned short sleeve shirt, holding a cup of coffee in her left hand, with a silver luggage in front of her, wearing short denim pants and flat slippers, looking to the left', 'a male with short black hair, wearing a neon green short sleeve shirt and beige knee-length shorts with black sneakers, turning his body slightly to the left, wearing a black and white bracelet on his left wrist', 'a woman with medium black hair wearing a sleeveless sky blue dress just below the knee, flat magenta slippers, taking a photo of something above her with her smartphone, holding a straw sun hat in the other hand']"
P12,system1,3.0,"['a male with short brown hair, around 180 cm, wearing black sunglasses and a black watch on his left wrist, holding a pastel colored big map in his right hand, wearing a short sleeved tight white shirt, beige long pants, and black oxford shoes, looking at the people on the left side, standing in a line, facing forward', 'a female with long black hair, 165 cm tall, wearing a pink and blue flower patterned short sleeve shirt, holding a cup of coffee in her left hand, with a silver luggage in front of her, wearing short blue pants and flat slippers, looking to the left, standing in a line, facing forward', 'a male with short black hair, wearing a neon green short sleeve shirt and beige knee-length shorts with black sneakers, turning his body slightly to the left, wearing a black and white bracelet on his left wrist, standing in a line, facing forward, without sunglasses', 'a woman with medium black hair wearing a sleeveless sky blue dress just below the knee, flat magenta slippers, taking a photo of something above her with her smartphone, holding a straw sun hat in the other hand, standing in a line, facing forward']"
P3,system1,4.0,"['a man wearing a black hat, staring at a woman and a man on his right', 'a woman wearing a flower-pattern dress, holding her left hand with a man next to her', 'a girl in a pink shirt and a white skirt, holding a yellow balloon with her left hand and a brown teddy bear in her right hand', 'a man holding a box of water bottles with his left arm, married to a woman next to him; he is holding his left hand with his wife and holding a brown basket with that hand']"
P3,system1,4.0,"['a man wearing a black hat, staring at a woman and a man on his right, with his body looking front while only his head is staring at the man and woman', 'a woman wearing a flower pattern dress, married to a man next to her, holding her left hand with a man next to her, and she is half Asian and American', 'a girl in a pink shirt and white skirt, holding a yellow balloon with her left hand and a brown teddy bear in her right hand', 'a man holding a box of water bottles with his left hand, married to a woman next to him, holding his right hand with his wife and a brown basket with that hand, wearing brown shorts and black sandals, and he is Hispanic with curly hair']"
P3,system1,4.0,"['an old man wearing a black hat, staring at a woman and a man on his right, with his body looking front while only his head is staring at the man and woman', 'a woman wearing a flower pattern dress, married to a man next to her, grabbing her left hand with a man next to her and holding a brown basket, and she is half Asian and American', 'a girl with a pink shirt and a white skirt, holding a yellow balloon with her left hand and a brown teddy bear in her right hand, and the girl is looking front and she is half Asian and American', 'a man holding a box of water bottles with his left hand, married to a woman next to him, holding his right hand with his wife, wearing brown shorts and black sandals, and he is Hispanic with curly hair']"
P3,system2,6.0,"['a man wearing a white short-sleeve shirt and beige pants, wearing sunglasses, and holding a paper map in his right hand', 'a woman in a sky-blue dress, taking a picture of the sky, wearing brown sandals, and holding a brown hat', 'a female with a flower pattern top and short jeans, holding a coffee cup in her left hand and a gray suitcase in her right hand', 'a man wearing a light green T-shirt, beige shorts, and black shoes, with his hands in his pockets']"
P3,system2,3.0,"['a man wearing a white short-sleeve shirt and beige pants, wearing sunglasses and holding a paper map in his right hand, staring to the left', 'a woman wearing a sky-blue dress, brown sandals, and holding a brown hat in her left hand, taking a picture of the sky with a camera', 'a female wearing a flower pattern top and short jeans, holding a coffee cup in her left hand and a gray suitcase in her right hand', 'a man wearing a light green T-shirt, beige shorts, and black shoes, with his hands in his pockets and staring to the left']"
P3,system2,5.0,"['a man wearing a white short-sleeve shirt and beige pants, wearing sunglasses and holding a paper map in his right hand, with his foot in the frame of the image', 'a woman in a sky-blue dress, wearing brown sandals, with her left hand on her side, taking a picture with a camera, and holding a brown hat', 'a female wearing a top with a flower pattern and short jeans, holding a gray suitcase in her right hand and a coffee cup in her left hand', 'a man wearing a light green T-shirt, beige shorts, and black shoes, with his hands in his pockets', 'a gray suitcase', 'a coffee cup', 'a camera belonging to the woman', 'a background with yellow buildings and white street lamps', 'a brown hat']"
P4,system1,4.0,"['a woman holding a basket is walking with her husband with a happy smile', 'a man putting his hand on his wife is lifting a tray with a lot of water bottles on it', 'an old man wearing a gray cardigan and black beret takes a lovely look at the girl at the opposite side while walking beside the couple', 'a girl with a pink sleeveless shirt holds a yellow balloon in her left hand and a teddy bear in her right hand', 'some cars are parked in the parking lot in the background']"
P4,system1,4.0,"['a middle-aged woman holding a basket walking with her husband with a happy smile, wearing a flower-patterned dress', 'a man putting his hand on his wife, lifting a tray with a lot of water bottles on it, wearing a blue T-shirt and beige-colored short pants', 'an old man wearing a gray cardigan and black beret taking a lovely look at a girl at the opposite side while walking beside the couple independently', 'a girl with a pink sleeveless shirt holding a yellow balloon in her left hand and a teddy bear in her right hand while walking toward the front side', 'some cars parked in the park in the background']"
P4,system1,5.0,"['a middle-aged woman holding a basket is walking with her husband, who has a happy smile, and is wearing a flower-patterned one-piece', 'the man, putting his hand on his wife, is lifting a tray with a lot of water bottles on it, while she is wearing a blue T-shirt and beige-colored short pants', 'an old man wearing a gray cardigan and black beret is taking a lovely look at a girl at the opposite side while walking beside the couple independently', 'the girl with a pink sleeveless shirt is holding a yellow balloon in her left hand and a teddy bear in her right hand while walking toward the front side', 'there are some cars parked in the park in the background']"
P4,system2,4.0,"['a young man wearing a white shirt, black sunglasses, beige pants, and black shoes is looking at a woman who is holding a camera, with his left hand in his pocket, with a watch on his left wrist. He is holding a map in his right hand.', 'a fatty woman with long hair is holding a cup of coffee in her left hand and luggage in her right hand. She is wearing a flower-patterned dress, short jeans, and sandals. She is looking at the woman who holds the camera.', 'a young man wearing a green T-shirt, beige short pants, and black sneakers has a gray watch on his left wrist and is holding something in both hands, with his hands in a pocket. He is interestingly watching the girl who holds the camera.', 'a woman with long hair is wearing a bright blue-colored one-piece and sandals, holding a camera in her left hand and taking a photo. She is also holding a hat in her right hand.']"
P4,system2,5.0,"['A young man is wearing a white shirt, beige pants, and black shoes, with black sunglasses on. He is holding a camera in his right hand while looking at a woman who is holding a camera. His left hand is in his pocket, and he is wearing a watch on his left wrist. The man looks at the woman. The man is holding a map.', 'A fatty woman in a flower-patterned dress, jean shorts, and sandals is holding luggage in her left hand while looking at another woman who is holding a camera. The woman looks at the woman. The woman is holding a cup.', 'A young man is wearing a green T-shirt, beige short pants, and black sneakers. He has a gray watch on his left wrist and is holding something in both hands. His hands are in his pocket. He interestingly watches the girl who holds a camera. The man looks at the woman.', 'A woman with long hair is wearing a bright blue one-piece dress and sandals. She is holding a camera in her right hand and taking a photo. The woman is holding a hat.', 'A hat is on the woman.', 'A map is present.', 'A coffee cup is on the woman.']"
P5,system2,5.0,"['a male person wearing a white shirt, beige pants, black shoes, and a silver clock']"
P5,system2,4.0,"['a male person wearing a white shirt, beige pants, black shoes, and a silver clock, facing forward']"
P5,system2,5.0,"['a male person wearing a white shirt, beige pants, black shoes, and a silver clock, facing forward', 'a forward-facing female wearing a white shirt, blue shorts, black slippers, and carrying a silver carrier']"
P5,system2,7.0,"['a male person wearing a white shirt, beige pants, black shoes, and a silver clock, facing forward', 'a forward-facing female wearing a white, flower-covered shirt, blue shorts, black slippers, and carrying a silver carrier']"
P5,system2,5.0,"['a male person wearing a white shirt, beige pants, black shoes, and a silver clock, facing forward', 'a forward-facing female wearing a white, flower-covered shirt, blue shorts, black slippers, and carrying a silver carrier', 'a male person wearing beige shorts and black sneakers while facing forward, with his hands in the pockets of his shorts']"
P5,system2,6.0,"['a male person wearing a white shirt, beige pants, black shoes, and a silver clock, facing forward', 'a forward-facing female wearing a white, flower-covered shirt, blue shorts, black slippers, and carrying silver luggage with her right hand', 'a male person wearing beige shorts and a blue shirt and black sneakers while facing forward, with his hands in the pockets of his shorts']"
P5,system2,6.0,"['a male person wearing a white shirt, beige pants, black shoes, and a silver clock, facing forward', 'a forward-facing female wearing a white, flower-covered shirt, blue shorts, and black slippers, holding silver luggage with her right hand and take-out coffee with her left hand', 'a male person wearing beige shorts and a blue shirt and black sneakers while facing forward, putting his hands in the pockets of his shorts', 'a forward-facing female person wearing a flower-covered dress and brown slippers, holding a black camera with her right hand and a beige hat with her left hand', 'a black camera', 'a beige hat', 'a silver luggage', 'take-out coffee']"
P5,system2,6.0,"['a male person wearing a white shirt, beige pants, black shoes, and a silver clock, facing forward', 'a forward-facing female wearing a white, flower-covered shirt, blue shorts, and black slippers, holding silver luggage with her right hand and take-out coffee with her left hand', 'a male person wearing beige shorts and a blue shirt and black sneakers while facing forward with his hands in the pockets of his shorts', 'a forward-facing female person wearing a blue dress and brown slippers, holding a black camera with her right hand and a beige hat with her left hand', 'a black camera', 'a beige hat', 'silver luggage', 'take-out coffee']"
P5,system1,3.0,"['an old man wearing a black beret and a gray cardigan over a white shirt, also wearing navy pants and black shoes']"
P5,system1,6.0,"['an old man wearing a black beret and a gray cardigan over a white shirt, also wearing navy pants and black shoes']"
P5,system1,6.0,"['an old man wearing a black beret and a gray cardigan over a white shirt, also wearing navy pants and black shoes', 'a woman wearing a flower-covered white dress who is smiling and is 30 years old']"
P5,system1,6.0,"['an old man wearing a black beret and a gray cardigan over a white shirt, also wearing navy pants and black shoes', 'a woman wearing a flower-covered white dress who is smiling and is 30 years old', 'a man wearing a blue shirt and beige shorts and black slippers, holding a brown basket with his right hand and a tray with his left hand that has 20 bottles of water on it']"
P5,system1,5.0,"['an old man wearing a black beret and a gray cardigan over a white shirt, also wearing navy pants and black shoes', 'a woman wearing a flower-covered white dress who is smiling and is 25 years old', 'a 30-year-old man wearing a blue shirt and beige shorts and black slippers, holding a brown basket with his right hand, and on his left hand, there is a tray with 20 bottles of water on it', 'a young girl wearing']"
P5,system1,7.0,"['an old man wearing a black beret and a gray cardigan over a white shirt, also wearing navy pants and black shoes', 'a woman wearing a flower-covered white dress, she is smiling and is 25 years old', 'a 30-year-old man wearing a blue shirt and beige shorts and black slippers, holding a brown basket with his right hand and a tray with 20 bottles of water on it with his left hand', 'a young girl wearing a pink tank top and a white skirt and pink sneakers, holding a brown teddy bear with her right hand and holding a yellow balloon with her left hand']"
P6,system2,3.0,"['an old guy wearing a black hat', 'a woman wearing a dress', 'a man wearing a blue shirt and beige shorts', 'a girl wearing a pink shirt and white pants holding a brown teddy bear and a yellow balloon', 'a black sedan car']"
P6,system2,4.0,"['an old guy wearing a black hat', 'a young adult woman wearing a dress facing front', 'a young adult man wearing a blue shirt and beige shorts facing front, wearing sandals, holding a basket and a bottle', 'a girl holding a brown teddy bear and a yellow balloon, wearing a pink shirt and white pants', 'a black sedan car', 'a basket', 'water bottles', 'a bright yellow balloon with a smooth surface']"
P6,system2,5.0,"['an old guy wearing a black hat walking', 'a young adult woman wearing a dress facing front', 'a young adult man wearing a blue shirt and beige shorts facing front, wearing sandals, holding a basket and a bottle', 'a girl holding a brown teddy bear and a yellow balloon, wearing a pink shirt and white pants', 'a black sedan car parked facing right', 'a basket', 'water bottles', 'a bright yellow balloon with a smooth surface']"
P6,system2,5.0,"['an old guy wearing a black hat walking', 'a young adult woman wearing a dress facing front', 'a young adult man wearing a blue shirt and beige shorts facing front, wearing sandals, holding a basket and a bottle', 'a girl wearing a pink shirt and white pants holding a yellow balloon, a girl holding a teddy bear', 'a black sedan car parked facing right', 'a basket', 'water bottles', 'a bright yellow balloon with a smooth surface', 'a brown teddy bear']"
P6,system2,6.0,"['an old guy wearing a black hat walking', 'a young adult woman wearing a dress facing front', 'a young adult man wearing a blue shirt and beige shorts facing front, wearing sandals, holding a basket and a tray', 'a girl wearing a pink shirt and white pants is holding a yellow balloon and a brown teddy bear', 'a parked black sedan car facing right', 'a basket', 'a set with a bottle of water, with the bottle on a tray', 'a bright yellow balloon with a smooth surface', 'a brown teddy bear', 'a tray']"
P6,system2,6.0,"['a young adult woman wearing a dress facing front', 'a young adult man wearing a blue shirt and beige shorts facing front, wearing sandals, holding a basket and a tray', 'a girl wearing a pink shirt and white pants holding a yellow balloon, a girl holding a teddy bear', 'a parked black sedan car facing right', 'a basket', 'a set with a bottle of water on a tray', 'a bright yellow balloon with a smooth surface', 'a brown teddy bear', 'a tray', 'an old man wearing a gray vest, black pants, and black shoes, facing front']"
P6,system1,4.0,"['an adult guy wearing a white shirt and a watch, wearing light-brown pants, holding a map and wearing black shoes', 'an adult woman with a flower-patterned shirt and blue shorts, carrying luggage and holding coffee', 'an adult man wearing a green shirt and a watch, wearing beige shorts and black shoes', 'an adult woman wearing a light blue dress, taking a photo with a camera and holding a hat']"
P6,system1,4.0,"['an adult guy wearing a white shirt and a watch, wearing light-brown pants, holding a map and wearing black shoes', 'an adult woman with a flower-patterned shirt and blue shorts, carrying luggage and holding coffee', 'an adult man wearing a green shirt and a watch, wearing beige shorts and black shoes', 'an adult woman wearing a light blue dress, taking a photo with a camera and holding a hat']"
P6,system1,4.0,"['an adult guy wearing a white shirt and a watch, wearing light-brown pants, holding a map, and wearing black shoes', 'an adult woman with a flower-patterned shirt and blue shorts, carrying luggage and holding coffee', 'an adult man wearing a green shirt and a watch, wearing beige shorts and black shoes', 'an adult woman wearing a light blue dress, taking a photo with a camera and holding a hat']"
P7,system1,6.0,"['a man in a white shirt and brown pants wearing sunglasses is holding a map with one hand while putting his other hand inside his pocket with a silver watch', 'a fat woman with a T-shirt with various colors of flowers printed on it and blue short pants is holding a paper cup with one hand while her other hand is holding a silver suitcase, also wearing small earrings', ""a man with a bright green T-shirt and brown short pants is putting both of his hands inside his pants' pockets, with a silver watch on his left hand"", 'a woman taking a picture with her camera while holding her straw hat, wearing a sky blue one-piece and sandals', 'yellow European-style buildings seem famous to tourists for their antique style']"
P7,system1,5.0,"['a man in a white shirt and brown pants wearing sunglasses holding a map with one hand while putting his other hand inside his pocket with a silver watch', 'a fat woman with a T-shirt with various colors of flowers printed on it and blue short pants holding a paper cup with her left hand while her right hand is holding a silver suitcase and also wearing small earrings', ""a man with a bright green T-shirt and brown short pants putting both of his hands inside his pants' pockets with a silver watch on his left hand"", 'a woman taking a picture with her camera while holding her straw hat wearing a sky blue dress and sandals', 'yellow European-style buildings that seem famous to tourists for their antique style']"
P7,system1,6.0,"['a brown-haired stocky man in a white shirt and brown pants wearing sunglasses is holding a map with one hand while putting his other hand inside his pocket with a silver watch', 'a fat woman with a T-shirt with various colors of flowers printed on it and blue short pants is holding a paper cup with her left hand while her right hand is holding a silver suitcase and also wearing small earrings', ""a brown-haired stocky Latin man with a bright green T-shirt and brown short pants putting both of his hands inside his pants' pockets with a silver watch only on his left hand"", 'a slim woman taking a picture with her camera while holding her straw hat and wearing a sky blue dress and sandals', 'yellow European-style buildings that seem famous to tourists for their antique style']"
P7,system2,6.0,"['an old white man wearing a grey cardigan, a white shirt, black pants, and a black artist-style hat, looking at a girl related to a woman', 'a brown-haired woman in a flower-patterned dress, holding a box', 'a brown-haired man in a bright blue polo T-shirt and brown short pants, holding a tray with a bunch of water bottles and a box', 'a black-haired girl in a bright pink tank top and a white dress, wearing pink shoes and holding a yellow balloon, connected to a cute teddy bear', 'a brown picnic box', 'a street with a black lot tree', 'a black car', 'a lamp on the street']"
P7,system2,7.0,"['an old white man wearing a grey cardigan, a white shirt, black pants, and a black artist-style hat, holding nothing related to a woman while looking at a girl', 'a brown-haired woman in a flower-patterned dress holding a box', 'a young brown-haired man in a bright blue polo T-shirt and brown short pants holding a tray with a bunch of water bottles in one hand, wearing brown sandals, while holding a box', 'a black-haired girl in a bright pink tank top and a white skirt wearing pink shoes and holding a yellow balloon connected to a cute teddy bear', 'a brown picnic box', 'a street with a black tree', 'a black car, parked beside the street and viewed from the side', 'a lamp on the street']"
P7,system2,5.0,"['a brown-haired woman in a flower-patterned dress holding a box', 'a young brown-haired man in a bright blue polo T-shirt and brown short pants holding a tray with a bunch of water bottles with one hand, and wearing brown sandals while holding a box', 'a black-haired girl in a bright pink tank top and a white skirt wearing pink shoes holding a cute teddy bear and a yellow balloon', 'a brown picnic box', 'a street with many trees', 'a black car parked beside the street and viewed from the side', 'a lamp on the street', 'a cute teddy bear', 'a yellow balloon']"
P7,system2,5.0,"['a brown-haired woman in a flower-patterned dress holding a box', 'a young brown-haired man in a bright blue polo T-shirt and brown short pants holding a tray with a bunch of water bottles with one hand, and wearing brown sandals while holding a box', 'a black-haired girl in a bright pink tank top and a white skirt wearing pink shoes holding a cute teddy bear and a yellow balloon', 'a brown picnic box', 'a street with many trees', 'a black car parked beside the street and viewed from the side', 'a lamp on the street', 'a cute teddy bear', 'a yellow balloon']"
P8,system2,3.0,"['a woman taking a picture with her camera, wearing a sky blue sleeveless one-piece and white slippers, holding a new object', 'a man wearing sunglasses and a white shirt, beige pants, black shoes, and a wristwatch is holding a paper map, looking at the woman', 'a man wearing sunglasses, a green t-shirt, beige short pants, and black shoes has his hands in the pockets of his pants and is wearing a wristwatch, looking at the woman', 'a woman is wearing sunglasses, a pink and sky blue flower-patterned blouse, jeans, and black slippers, holding a red coffee cup and luggage, looking at the woman', 'a street of a European city with yellow buildings, a palm tree in the corner, and some parasols']"
P8,system2,1.0,"['a woman taking a picture of the sky with her camera, wearing a sky blue sleeveless one-piece dress and white slippers, holding a vacation hat, and smiling', ""a cool man with a muscular build wearing sunglasses, a white shirt, beige pants, black men's formal shoes, and a wristwatch, with one hand in his pocket, looking at the woman while holding a paper map"", ""a man wearing a green t-shirt, beige short pants, and black men's formal shoes with his hands in the pockets of his pants and wearing a wristwatch, looking at the woman"", 'a woman wearing a pink and sky blue flower-patterned short-sleeves blouse, short jeans, and black slippers, holding a red coffee cup and luggage, looking at the woman', 'a street of a European city with yellow buildings, a palm tree in the corner, and some parasols', 'a paper map']"
P8,system2,1.0,"['a woman taking a picture of the sky with her camera, wearing a sky blue sleeveless one-piece dress and white slippers, holding a vacation hat, and smiling', ""a cool man with a muscular build wearing sunglasses, a white shirt, beige pants, black men's formal shoes, and a wristwatch, with one hand in the pocket of his pants, looking at the woman while holding a paper map"", ""a man wearing a green t-shirt, beige short pants, and black men's formal shoes, with his hands in the pockets of his pants and wearing a wristwatch, looking at the woman"", 'a woman wearing a pink and sky blue flower-patterned short-sleeves blouse, short jeans, and black slippers, holding a red coffee cup and luggage, looking at the woman', 'a street of a European city with yellow buildings, a palm tree in the corner, and some parasols', 'a paper map']"
P8,system1,4.0,"['a grandfather wearing a black hat, a white shirt, a gray cardigan, black suit pants, and formal shoes. He is white-haired and is looking at his granddaughter with a smile on his face.', 'a mother wearing a short-sleeved long one-piece dress and white slippers. She has black hair and is holding a basket full of groceries.', 'a father with brown curly hair wearing a blue collar t-shirt, beige short pants, and black slippers. A package of plastic water bottles is in his hand, and with the other hand, he is holding the basket with the mother.', 'a daughter wearing a hot pink sleeveless t-shirt, a white skirt, and pink shoes. She is holding a yellow balloon with one hand and a teddy bear with the other hand.', 'green trees', 'a black SUV car']"
P9,system1,3.0,"['a grandfather with white hair, wearing a black beret hat, a grey cardigan, navy pants, and black shoes, looking to the right side', ""a mother with a smiling face, dark skin, black hair, wearing a white dress with a pink flower and green leaves pattern, holding the father's hand with her right hand"", ""a father with a smiling face, dark skin, black curly short hair, wearing a blue t-shirt, ivory short pants, and black sandals, holding the mother's hand with his left hand, also holding a big basket in his left hand, and carrying a lot of bottles of water on board"", 'a girl with dark skin, black middle-length hair, wearing pink sleeves and a white lacy skirt, pink shoes, holding a teddy bear in her left hand and a yellow balloon in her right hand']"
P9,system1,5.0,"['a grandfather with white hair, wearing a black beret hat, a grey cardigan, navy pants, and black shoes, looking to the right side', ""a mother with a smiling face, dark skin, black hair, wearing a white dress with small pink flowers and green leaves pattern, holding the father's hand with her right hand"", ""a father with a smiling face, dark skin, black curly short hair, wearing a blue t-shirt, ivory short pants, and black sandals, holding the mother's hand with his left hand, also holding a big basket in his left hand, and carrying a lot of bottles of water on board"", 'a girl with dark skin, black short hair, wearing pink sleeves and a white lacy skirt, pink shoes, holding a teddy bear in her left hand and a yellow balloon in her right hand']"
P9,system1,5.0,"['a grandfather with white hair, wearing a black beret hat, a grey cardigan, navy pants, and black shoes, looking to the right side', ""a mother with a smiling face, brown skin, black hair, wearing a white dress with small pink flowers and a green leaves pattern, holding the father's hand with her right hand, looking at the front side"", ""a father with a smiling face, dark skin, black curly short hair, wearing a blue t-shirt, ivory short pants, and black sandals, holding the mother's hand with his left hand, also holding a big basket in his left hand, and carrying a lot of bottles of water on board, looking at the front side"", 'a girl with dark skin, black short hair, wearing pink sleeves and a white lacy skirt, pink shoes, holding a teddy bear in her left hand and a yellow balloon in her right hand, looking at the front side']"
P9,system1,5.0,"['a grandfather with white hair, wearing a black beret hat, a grey cardigan, navy pants, and black shoes, looking at the right side', ""a mother with a smiling face, brown skin, black hair, wearing a white dress with small pink flowers and a green leaves pattern, holding the father's hand with her right hand, looking at the front side"", ""a father with a smiling face, brown skin, black curly short hair, wearing a blue t-shirt, ivory short pants, and black sandals, holding the mother's hand with his left hand, also holding a big basket in his left hand, and carrying a lot of bottles of water on board, looking at the front side"", 'a girl with brown skin, black short hair, wearing pink sleeves and a white lacy skirt, pink shoes, holding a teddy bear in her left hand and a yellow balloon in her right hand, looking at the front side']"
P9,system2,4.0,"['A man is wearing a white short-sleeved shirt, reddish-brown pants, and black shoes. He has a watch on his left hand and is wearing black sunglasses, holding a map.', 'A big map.', 'A female with long hair is wearing a white, short-sleeved, flowery patterned shirt, short jeans, and black sandals while holding a brown passport, carrying a carriage.', ""A man is wearing a green short-sleeved t-shirt, reddish-brown pants, and black shoes, putting his two hands in his pant's pockets."", 'A blue carriage.', 'A female is wearing a blue sleeveless dress and brown sandals, taking photos with a camera held in her left hand, and holding a big straw hat in her right hand.']"
P9,system2,5.0,"['a man wearing a white short-sleeved shirt, brown pants, and black shoes, with a watch on his left hand and black sunglasses, holding a big map', 'a big map', 'a female with long hair wearing a white, short-sleeved, flowery patterned shirt, short jeans, and black sandals, holding a brown passport and carrying luggage', ""a man wearing a green short-sleeved t-shirt, brown short pants, and black shoes, putting his two hands in his pant's pockets, not wearing sunglasses"", 'blue luggage', 'a female wearing a sky blue sleeveless dress and brown sandals, holding a camera in her hands while holding a big straw hat', 'a big straw hat']"
P9,system2,6.0,"['a man wearing a white short-sleeved shirt, brown pants, and black shoes, with a watch on his left hand and black sunglasses, holding a big map', 'a big map', 'a female with long hair wearing a white, short-sleeved, flowery patterned shirt, short jeans, and black sandals, holding a brown passport and carrying blue luggage', ""a man wearing a green short-sleeved t-shirt, brown short pants, and black shoes, putting his two hands in his pant's pockets, with no sunglasses"", 'blue luggage', 'a female wearing a sky blue sleeveless dress and brown sandals, taking a photo with a camera held in her left hands, with no sunglasses, while holding a big straw hat', 'a big straw hat']"
P10,system1,6.0,"['a man standing holding a white paper bag, wearing black sunglasses, a watch, a white shirt, beiji pants, and black shoes, watching the right side', 'a woman standing, holding a red coffee in her left hand, drawing a grey carrier, wearing a flower-patterned white short-sleeved shirt, and blue shorts', 'a man wearing a green short-sleeved shirt, beiji shorts, a watch around his left hand, and black shoes, watching the right side', 'a woman wearing a sky blue one-piece dress, taking a picture with her smartphone in her right hand, holding a beiji hat in her left hand, and wearing sandals']"
P10,system1,5.0,"['a man standing, holding a white paper bag, wearing black sunglasses, a watch, a white shirt, beiji pants, and black shoes, watching the right side', 'a woman standing, holding a red coffee in her left hand, drawing a grey carrier, wearing a flower-patterned white short-sleeved shirt and blue shorts', 'a man wearing a green short-sleeved shirt, beiji shorts, a watch around his left hand, and black shoes, watching the right side', 'a woman wearing a sky blue one-piece dress, taking a picture with her smartphone, watching the phone screen to take the picture, holding a beiji hat in her left hand, and wearing sandals']"
P10,system2,5.0,"['a grandfather wearing a black beret, a white shirt, a gray cardigan, black pants, and black shoes, watching the right side', 'a mother wearing a flower-patterned white one-piece dress, holding a brown basket, wearing sandals, seeing the front', 'a father wearing a blue short-sleeved shirt and beige shorts, holding a black plate with many water bottles, and wearing sandals, seeing the front', 'a little girl wearing a sleeveless pink top and pink shoes while holding a yellow balloon and a white teddy bear, watching the front']"
P10,system2,4.0,"['a grandfather wearing a black beret, a white shirt, a gray cardigan, black pants, and black shoes, watching the right side', 'a mother wearing a white, flower-patterned one-piece dress and sandals, looking ahead, holding a brown basket', 'a father wearing a blue short-sleeved shirt and beige shorts, holding a black plate with many water bottles, wearing sandals, seeing the front, holding a basket', 'a little girl wearing a sleeveless pink top and pink shoes while holding a yellow balloon and a brown teddy bear, watching the front', 'a brown basket']"
P10,system2,4.0,"['a grandfather wearing a black beret, a white shirt, a gray cardigan, black pants, and black shoes, watching the right side', 'a mother wearing a white, flower-patterned one-piece dress and sandals, looking ahead while holding a brown basket', 'a father wearing a blue short-sleeved shirt and beige shorts, holding a black plate with many water bottles, and wearing sandals, seeing the front while holding a basket', 'a little girl wearing a sleeveless pink top and pink shoes while holding a yellow balloon and a brown teddy bear, watching the front', 'a brown basket, while the mother and father are holding the same basket']"
P2,system2,3.0,"['an old man wearing a beret, a gray shirt, and black pants', 'an adult man wearing a blue shirt and beige pants, holding a basket and holding up a pan with one hand', 'an adult female wearing a floral dress, black pants, and a beret, holding hands with a man and holding a basket', 'a picnic basket', 'a pan', 'bottles of water on the pan', 'a female child wearing a pink shirt and a white skirt, holding a balloon and a bear', 'a yellow balloon', 'a brown teddy bear']"
P2,system2,4.0,"['an old man wearing a beret, a gray shirt, and black pants, facing right', 'an adult man wearing a blue shirt and beige pants, holding a basket, and holding up a pan with one hand', 'an adult female wearing a floral dress and black pants, facing forward with black hair, holding hands with a man and holding a basket', 'a picnic basket', 'a pan', 'bottles of water on the pan', 'a female child wearing a pink shirt and a white skirt, holding a yellow balloon and a brown teddy bear', 'a yellow balloon', 'a brown teddy bear']"
P2,system2,3.0,"['an old man wearing a beret, a gray shirt, and black pants, facing right', 'a young adult man facing forward, wearing a blue shirt and beige pants, holding a basket and holding up a pan with one hand', 'an adult female wearing a floral dress and black pants, facing forward with black hair, holding hands with a man and holding a basket', 'a picnic basket', 'a pan', 'bottles of water on the pan', 'a female child wearing a pink shirt and a white skirt, holding a yellow balloon and a brown teddy bear', 'a yellow balloon', 'a brown teddy bear']"
P2,system2,4.0,"['Corrected region descriptions:', '1. an old man wearing a beret, a gray shirt, and black pants, facing right', '2. a young adult man facing forward, wearing a blue shirt and beige pants, holding a basket and holding up a pan with one hand', '3. an adult female wearing a floral dress and black pants, facing forward with black hair, holding a basket', '4. a picnic basket', '5. a pan', '6. bottles of water on the pan', '7. a female child wearing a pink shirt and a white skirt, holding a yellow balloon and a brown teddy bear', 'a scene featuring an old man wearing a beret, a gray shirt, and black pants, facing right, a young adult man facing forward, wearing a blue shirt and beige pants, holding a basket and holding up a pan with one hand, an adult female wearing a floral dress and black pants, facing forward with black hair, holding a basket, a picnic basket, a pan, bottles of water on the pan, a female child wearing a pink shirt and a white skirt, holding a yellow balloon and a brown teddy bear.']"
P2,system1,5.0,"['a man wearing a white shirt and beige pants, holding a map and wearing sunglasses', 'a woman wearing a floral shirt and blue shorts, holding coffee in one hand and a suitcase in the other hand', 'a man wearing a green shirt and beige shorts, with both hands in his pockets', 'a woman in a light blue dress, taking a picture with a camera in one hand and holding a straw hat in the other hand', 'central European city-style yellow buildings in the background']"
P2,system1,5.0,"['Jos wearing a white shirt and beige pants, holding a map and wearing sunglasses', 'Julia wearing a floral shirt and blue shorts, holding coffee in one hand and a suitcase in the other hand', 'Diego wearing a green shirt and beige shorts, with both hands in his pockets', 'Cristina in a light blue dress, taking a picture with a camera in one hand and holding a straw hat in the other hand', 'central European city-style yellow buildings and an alley in the background']"
P2,system1,5.0,"['Jos wearing a white shirt and beige pants, holding a map in one hand and with the other hand in his pocket, wearing sunglasses', 'Julia wearing a floral shirt and blue shorts, holding coffee in one hand and a suitcase in the other hand, with no glasses', 'Diego wearing a green t-shirt and beige shorts, with no glasses and both hands in his pockets', 'Cristina in a light blue dress, taking a picture with a camera in one hand and holding a straw hat in the other hand', 'central European city-style yellow buildings and alley in the background']"
